M_74289, 113498
M_95399, 137913
M_67575, 146339
M_49179, 91696
M_32599, 130056
M_54568, 107317
M_76968, 121134
M_53036, 117031
M_71540, 113883
M_48515, 96462
M_52082, 107447
M_90860, 137862
M_99168, 127549
M_97913, 148675
M_51472, 141545
M_78608, 100939
M_28841, 131023
M_23875, 100144
M_75787, 139546
M_90047, 90214
M_44439, 148552
M_47675, 94440
M_26917, 142549
M_16481, 134352
M_95600, 109853
M_81845, 146516
M_73214, 88209
M_13567, 140164
M_43838, 84294
M_33123, 100859
M_35819, 126699
M_30604, 84603
M_96242, 125806
M_53901, 121618
M_43134, 95107
M_94775, 112664
M_59856, 149587
M_10289, 99501
M_93818, 84726
M_20356, 101269
M_13350, 123360
M_47826, 120997
M_37882, 145601
M_14763, 82669
M_93268, 82137
M_22279, 93344
M_44569, 133913
M_99430, 128109
M_21433, 132986
M_31748, 101762
M_50629, 134431
M_36929, 89666
M_25029, 101013
M_41352, 102178
M_38838, 89216
M_47781, 86198
M_55723, 86449
M_15144, 120685
M_60080, 93444
M_99955, 132227
M_30946, 142216
M_24756, 121419
M_86736, 142348
M_75968, 125749
M_36524, 117583
M_21356, 140637
M_19493, 146185
M_21186, 136341
M_85000, 144624
M_97105, 118757
M_17098, 107683
M_66268, 88302
M_81467, 99850
M_10045, 135974
M_65120, 100397
M_66903, 84881
M_93309, 105203
M_86457, 139373
M_15542, 116666
M_96169, 122966
M_49129, 88238
M_56401, 107615
M_54766, 110853
M_99079, 144202
M_81266, 100713
M_69244, 85227
M_56351, 130130
M_24902, 92864
M_61791, 117426
M_96059, 104003
M_14026, 87602
M_46250, 144256
M_11613, 108311
M_58989, 127033
M_19148, 129833
M_22038, 145575
M_75054, 127557
M_23758, 116956
M_22772, 127747
M_85867, 102649
M_65125, 126073
M_10265, 103705
M_19544, 87705
M_62525, 112899
M_61013, 90257
M_14927, 82240
M_17973, 134267
M_18415, 126943
M_28871, 120773
M_90421, 114759
M_14342, 83858
M_87350, 111285
M_58943, 119192
M_12294, 95444
M_91049, 113819
M_66030, 129568
M_68411, 126023
M_20813, 127202
M_98090, 84616
M_20992, 112149
M_61630, 106080
M_91527, 123204
M_34148, 85875
M_75237, 95757
M_83409, 144684
M_78206, 91897
M_68303, 102434
M_90757, 114722
M_90140, 137987
M_43818, 127603
